{"cameraMode":{"drawMode":0,"name":"Shaded","section":"Shading Mode"},"sceneLighting":true,"audioPlay":false,"sceneViewState":{"m_AlwaysRefresh":false,"showFog":true,"showSkybox":true,"showFlares":true,"showImageEffects":true,"showParticleSystems":true,"showVisualEffectGraphs":true,"m_FxEnabled":true},"in2DMode":false,"pivot":{"x":-0.02380746603012085,"y":1.067837119102478,"z":0.02526026964187622},"rotation":{"x":-0.058588288724422458,"y":-0.1610034853219986,"z":0.009569745510816574,"w":-0.9851837158203125},"size":0.1767766922712326,"orthographic":false}